symbol,expiry_alias,expiry_date
GOLDM,25JAN,31/01/2025
GOLDM,28FEB,28/02/2025
GOLDM,31MAR,31/03/2025
SILVERM,25JAN,31/01/2025
SILVERM,25FEB,28/02/2025
SILVERM,31MAR,31/03/2025
CRUDEOIL,25JAN,20/01/2025
CRUDEOIL,25FEB,19/02/2025
CRUDEOIL,19MAR,19/03/2025
CRUDEOILM,25JAN,20/01/2025
CRUDEOILM,25FEB,19/02/2025
CRUDEOILM,19MAR,19/03/2025
NATURALGAS,25JAN,24/01/2025
NATURALGAS,25FEB,24/02/2025
NATURALGAS,24MAR,24/03/2025
NATGASMINI,25JAN,24/01/2025
NATGASMINI,25FEB,24/02/2025
NATGASMINI,24MAR,24/03/2025

